{
    "rmse": 0.8049787716639204,
    "mae": 0.6599185356093551,
    "r2": 0.008439153936156685
}